Algorithm,Size,Trial,Time_sec
BruteForce,5,1,0.0000016000
GreedyIterative,5,1,0.0000100000
BruteForce,5,2,0.0000016000
GreedyIterative,5,2,0.0000100000
BruteForce,5,3,0.0000016000
GreedyIterative,5,3,0.0000100000
BruteForce,5,4,0.0000016000
GreedyIterative,5,4,0.0000100000
BruteForce,5,5,0.0000016000
GreedyIterative,5,5,0.0000100000
BruteForce,5,6,0.0000016000
GreedyIterative,5,6,0.0000100000
BruteForce,5,7,0.0000016000
GreedyIterative,5,7,0.0000100000
BruteForce,5,8,0.0000016000
GreedyIterative,5,8,0.0000100000
BruteForce,5,9,0.0000016000
GreedyIterative,5,9,0.0000100000
BruteForce,5,10,0.0000016000
GreedyIterative,5,10,0.0000100000
BruteForce,6,1,0.0000038400
GreedyIterative,6,1,0.0000120000
BruteForce,6,2,0.0000038400
GreedyIterative,6,2,0.0000120000
BruteForce,6,3,0.0000038400
GreedyIterative,6,3,0.0000120000
BruteForce,6,4,0.0000038400
GreedyIterative,6,4,0.0000120000
BruteForce,6,5,0.0000038400
GreedyIterative,6,5,0.0000120000
BruteForce,6,6,0.0000038400
GreedyIterative,6,6,0.0000120000
BruteForce,6,7,0.0000038400
GreedyIterative,6,7,0.0000120000
BruteForce,6,8,0.0000038400
GreedyIterative,6,8,0.0000120000
BruteForce,6,9,0.0000038400
GreedyIterative,6,9,0.0000120000
BruteForce,6,10,0.0000038400
GreedyIterative,6,10,0.0000120000
BruteForce,7,1,0.0000089600
GreedyIterative,7,1,0.0000140000
BruteForce,7,2,0.0000089600
GreedyIterative,7,2,0.0000140000
BruteForce,7,3,0.0000089600
GreedyIterative,7,3,0.0000140000
BruteForce,7,4,0.0000089600
GreedyIterative,7,4,0.0000140000
BruteForce,7,5,0.0000089600
GreedyIterative,7,5,0.0000140000
BruteForce,7,6,0.0000089600
GreedyIterative,7,6,0.0000140000
BruteForce,7,7,0.0000089600
GreedyIterative,7,7,0.0000140000
BruteForce,7,8,0.0000089600
GreedyIterative,7,8,0.0000140000
BruteForce,7,9,0.0000089600
GreedyIterative,7,9,0.0000140000
BruteForce,7,10,0.0000089600
GreedyIterative,7,10,0.0000140000
BruteForce,8,1,0.0000204800
GreedyIterative,8,1,0.0000160000
BruteForce,8,2,0.0000204800
GreedyIterative,8,2,0.0000160000
BruteForce,8,3,0.0000204800
GreedyIterative,8,3,0.0000160000
BruteForce,8,4,0.0000204800
GreedyIterative,8,4,0.0000160000
BruteForce,8,5,0.0000204800
GreedyIterative,8,5,0.0000160000
BruteForce,8,6,0.0000204800
GreedyIterative,8,6,0.0000160000
BruteForce,8,7,0.0000204800
GreedyIterative,8,7,0.0000160000
BruteForce,8,8,0.0000204800
GreedyIterative,8,8,0.0000160000
BruteForce,8,9,0.0000204800
GreedyIterative,8,9,0.0000160000
BruteForce,8,10,0.0000204800
GreedyIterative,8,10,0.0000160000
BruteForce,9,1,0.0000460800
GreedyIterative,9,1,0.0000180000
BruteForce,9,2,0.0000460800
GreedyIterative,9,2,0.0000180000
BruteForce,9,3,0.0000460800
GreedyIterative,9,3,0.0000180000
BruteForce,9,4,0.0000460800
GreedyIterative,9,4,0.0000180000
BruteForce,9,5,0.0000460800
GreedyIterative,9,5,0.0000180000
BruteForce,9,6,0.0000460800
GreedyIterative,9,6,0.0000180000
BruteForce,9,7,0.0000460800
GreedyIterative,9,7,0.0000180000
BruteForce,9,8,0.0000460800
GreedyIterative,9,8,0.0000180000
BruteForce,9,9,0.0000460800
GreedyIterative,9,9,0.0000180000
BruteForce,9,10,0.0000460800
GreedyIterative,9,10,0.0000180000
BruteForce,10,1,0.0001024000
GreedyIterative,10,1,0.0000200000
BruteForce,10,2,0.0001024000
GreedyIterative,10,2,0.0000200000
BruteForce,10,3,0.0001024000
GreedyIterative,10,3,0.0000200000
BruteForce,10,4,0.0001024000
GreedyIterative,10,4,0.0000200000
BruteForce,10,5,0.0001024000
GreedyIterative,10,5,0.0000200000
BruteForce,10,6,0.0001024000
GreedyIterative,10,6,0.0000200000
BruteForce,10,7,0.0001024000
GreedyIterative,10,7,0.0000200000
BruteForce,10,8,0.0001024000
GreedyIterative,10,8,0.0000200000
BruteForce,10,9,0.0001024000
GreedyIterative,10,9,0.0000200000
BruteForce,10,10,0.0001024000
GreedyIterative,10,10,0.0000200000
BruteForce,11,1,0.0002252800
GreedyIterative,11,1,0.0000220000
BruteForce,11,2,0.0002252800
GreedyIterative,11,2,0.0000220000
BruteForce,11,3,0.0002252800
GreedyIterative,11,3,0.0000220000
BruteForce,11,4,0.0002252800
GreedyIterative,11,4,0.0000220000
BruteForce,11,5,0.0002252800
GreedyIterative,11,5,0.0000220000
BruteForce,11,6,0.0002252800
GreedyIterative,11,6,0.0000220000
BruteForce,11,7,0.0002252800
GreedyIterative,11,7,0.0000220000
BruteForce,11,8,0.0002252800
GreedyIterative,11,8,0.0000220000
BruteForce,11,9,0.0002252800
GreedyIterative,11,9,0.0000220000
BruteForce,11,10,0.0002252800
GreedyIterative,11,10,0.0000220000
BruteForce,12,1,0.0004915200
GreedyIterative,12,1,0.0000240000
BruteForce,12,2,0.0004915200
GreedyIterative,12,2,0.0000240000
BruteForce,12,3,0.0004915200
GreedyIterative,12,3,0.0000240000
BruteForce,12,4,0.0004915200
GreedyIterative,12,4,0.0000240000
BruteForce,12,5,0.0004915200
GreedyIterative,12,5,0.0000240000
BruteForce,12,6,0.0004915200
GreedyIterative,12,6,0.0000240000
BruteForce,12,7,0.0004915200
GreedyIterative,12,7,0.0000240000
BruteForce,12,8,0.0004915200
GreedyIterative,12,8,0.0000240000
BruteForce,12,9,0.0004915200
GreedyIterative,12,9,0.0000240000
BruteForce,12,10,0.0004915200
GreedyIterative,12,10,0.0000240000
BruteForce,13,1,0.0010649600
GreedyIterative,13,1,0.0000260000
BruteForce,13,2,0.0010649600
GreedyIterative,13,2,0.0000260000
BruteForce,13,3,0.0010649600
GreedyIterative,13,3,0.0000260000
BruteForce,13,4,0.0010649600
GreedyIterative,13,4,0.0000260000
BruteForce,13,5,0.0010649600
GreedyIterative,13,5,0.0000260000
BruteForce,13,6,0.0010649600
GreedyIterative,13,6,0.0000260000
BruteForce,13,7,0.0010649600
GreedyIterative,13,7,0.0000260000
BruteForce,13,8,0.0010649600
GreedyIterative,13,8,0.0000260000
BruteForce,13,9,0.0010649600
GreedyIterative,13,9,0.0000260000
BruteForce,13,10,0.0010649600
GreedyIterative,13,10,0.0000260000
BruteForce,14,1,0.0022937600
GreedyIterative,14,1,0.0000280000
BruteForce,14,2,0.0022937600
GreedyIterative,14,2,0.0000280000
BruteForce,14,3,0.0022937600
GreedyIterative,14,3,0.0000280000
BruteForce,14,4,0.0022937600
GreedyIterative,14,4,0.0000280000
BruteForce,14,5,0.0022937600
GreedyIterative,14,5,0.0000280000
BruteForce,14,6,0.0022937600
GreedyIterative,14,6,0.0000280000
BruteForce,14,7,0.0022937600
GreedyIterative,14,7,0.0000280000
BruteForce,14,8,0.0022937600
GreedyIterative,14,8,0.0000280000
BruteForce,14,9,0.0022937600
GreedyIterative,14,9,0.0000280000
BruteForce,14,10,0.0022937600
GreedyIterative,14,10,0.0000280000
BruteForce,15,1,0.0049152000
GreedyIterative,15,1,0.0000300000
BruteForce,15,2,0.0049152000
GreedyIterative,15,2,0.0000300000
BruteForce,15,3,0.0049152000
GreedyIterative,15,3,0.0000300000
BruteForce,15,4,0.0049152000
GreedyIterative,15,4,0.0000300000
BruteForce,15,5,0.0049152000
GreedyIterative,15,5,0.0000300000
BruteForce,15,6,0.0049152000
GreedyIterative,15,6,0.0000300000
BruteForce,15,7,0.0049152000
GreedyIterative,15,7,0.0000300000
BruteForce,15,8,0.0049152000
GreedyIterative,15,8,0.0000300000
BruteForce,15,9,0.0049152000
GreedyIterative,15,9,0.0000300000
BruteForce,15,10,0.0049152000
GreedyIterative,15,10,0.0000300000
BruteForce,16,1,0.0104857600
GreedyIterative,16,1,0.0000320000
BruteForce,16,2,0.0104857600
GreedyIterative,16,2,0.0000320000
BruteForce,16,3,0.0104857600
GreedyIterative,16,3,0.0000320000
BruteForce,16,4,0.0104857600
GreedyIterative,16,4,0.0000320000
BruteForce,16,5,0.0104857600
GreedyIterative,16,5,0.0000320000
BruteForce,16,6,0.0104857600
GreedyIterative,16,6,0.0000320000
BruteForce,16,7,0.0104857600
GreedyIterative,16,7,0.0000320000
BruteForce,16,8,0.0104857600
GreedyIterative,16,8,0.0000320000
BruteForce,16,9,0.0104857600
GreedyIterative,16,9,0.0000320000
BruteForce,16,10,0.0104857600
GreedyIterative,16,10,0.0000320000
BruteForce,18,1,0.0471859200
GreedyIterative,18,1,0.0000360000
BruteForce,18,2,0.0471859200
GreedyIterative,18,2,0.0000360000
BruteForce,18,3,0.0471859200
GreedyIterative,18,3,0.0000360000
BruteForce,18,4,0.0471859200
GreedyIterative,18,4,0.0000360000
BruteForce,18,5,0.0471859200
GreedyIterative,18,5,0.0000360000
BruteForce,18,6,0.0471859200
GreedyIterative,18,6,0.0000360000
BruteForce,18,7,0.0471859200
GreedyIterative,18,7,0.0000360000
BruteForce,18,8,0.0471859200
GreedyIterative,18,8,0.0000360000
BruteForce,18,9,0.0471859200
GreedyIterative,18,9,0.0000360000
BruteForce,18,10,0.0471859200
GreedyIterative,18,10,0.0000360000
BruteForce,20,1,0.2097152000
GreedyIterative,20,1,0.0000400000
BruteForce,20,2,0.2097152000
GreedyIterative,20,2,0.0000400000
BruteForce,20,3,0.2097152000
GreedyIterative,20,3,0.0000400000
BruteForce,20,4,0.2097152000
GreedyIterative,20,4,0.0000400000
BruteForce,20,5,0.2097152000
GreedyIterative,20,5,0.0000400000
BruteForce,20,6,0.2097152000
GreedyIterative,20,6,0.0000400000
BruteForce,20,7,0.2097152000
GreedyIterative,20,7,0.0000400000
BruteForce,20,8,0.2097152000
GreedyIterative,20,8,0.0000400000
BruteForce,20,9,0.2097152000
GreedyIterative,20,9,0.0000400000
BruteForce,20,10,0.2097152000
GreedyIterative,20,10,0.0000400000
BruteForce,22,1,0.9227468800
GreedyIterative,22,1,0.0000440000
BruteForce,22,2,0.9227468800
GreedyIterative,22,2,0.0000440000
BruteForce,22,3,0.9227468800
GreedyIterative,22,3,0.0000440000
BruteForce,22,4,0.9227468800
GreedyIterative,22,4,0.0000440000
BruteForce,22,5,0.9227468800
GreedyIterative,22,5,0.0000440000
BruteForce,22,6,0.9227468800
GreedyIterative,22,6,0.0000440000
BruteForce,22,7,0.9227468800
GreedyIterative,22,7,0.0000440000
BruteForce,22,8,0.9227468800
GreedyIterative,22,8,0.0000440000
BruteForce,22,9,0.9227468800
GreedyIterative,22,9,0.0000440000
BruteForce,22,10,0.9227468800
GreedyIterative,22,10,0.0000440000
